,,,,,,,,,,,,,,,,,,,
"Table 3.  Number and Rate of Functional Literate Population 10 to 64 Years Old by Region, Sex, and Age Group, Philippines: 2024",,,,,,,,,,,,,,,,,,,
,,,,,,,,,,,,,,,,,,,
Region and Age Group,"Population 10 to 64 Years Old
(in thousand)",,,"Number of Functional Literate Population 
10 to 64 Years Old (in thousand)",,,"Functional Literacy Rate 
(in percent)",,,,,,,,,,,,
,Both Sexes,Male,Female,Both Sexes,Male,Female,Both Sexes,Male,Female,,,,,,,,,,
,,,,,,,,,,,,,,,,,,,
Philippines," 85,002 "," 43,168 "," 41,834 "," 60,170 "," 29,170 "," 30,999 ",70.8,67.6,74.1,,,,,,,,,,
,,,,,,,,,,,,,,,,,,,
National Capital Region (NCR)," 11,028 "," 5,460 "," 5,568 "," 8,810 "," 4,267 "," 4,544 ",79.9,78.1,81.6,,,,,,,,,,
Cordillera Administrative Region (CAR)," 1,397 ", 714 , 682 ," 1,134 ", 558 , 576 ,81.2,78.1,84.4,,,,,,,,,,
Region I (Ilocos Region)," 3,994 "," 2,039 "," 1,955 "," 2,567 "," 1,223 "," 1,344 ",64.3,60.0,68.8,,,,,,,,,,
Region II (Cagayan Valley)," 2,811 "," 1,440 "," 1,371 "," 1,950 ", 939 ," 1,010 ",69.4,65.3,73.7,,,,,,,,,,
Region III (Central Luzon)," 9,939 "," 5,065 "," 4,875 "," 7,257 "," 3,566 "," 3,691 ",73.0,70.4,75.7,,,,,,,,,,
Region IV-A (CALABARZON)," 13,104 "," 6,581 "," 6,524 "," 10,129 "," 4,908 "," 5,221 ",77.3,74.6,80.0,,,,,,,,,,
MIMAROPA Region," 2,363 "," 1,215 "," 1,148 "," 1,670 ", 811 , 859 ,70.7,66.8,74.8,,,,,,,,,,
Region V (Bicol Region)," 4,530 "," 2,333 "," 2,197 "," 3,035 "," 1,453 "," 1,582 ",67.0,62.3,72.0,,,,,,,,,,
Region VI (Western Visayas)," 3,623 "," 1,859 "," 1,765 "," 2,557 "," 1,237 "," 1,320 ",70.6,66.6,74.8,,,,,,,,,,
Negros Island Region (NIR)," 3,519 "," 1,812 "," 1,707 "," 2,312 "," 1,116 "," 1,196 ",65.7,61.6,70.1,,,,,,,,,,
Region VII (Central Visayas)," 5,035 "," 2,567 "," 2,469 "," 3,403 "," 1,671 "," 1,733 ",67.6,65.1,70.2,,,,,,,,,,
Region VIII (Eastern Visayas)," 3,574 "," 1,853 "," 1,721 "," 2,210 "," 1,057 "," 1,153 ",61.8,57.0,67.0,,,,,,,,,,
Region IX (Zamboanga Peninsula)," 2,864 "," 1,463 "," 1,402 "," 1,700 ", 811 , 888 ,59.3,55.5,63.4,,,,,,,,,,
Region X (Northern Mindanao)," 3,899 "," 2,002 "," 1,898 "," 2,729 "," 1,338 "," 1,390 ",70.0,66.9,73.3,,,,,,,,,,
Region XI (Davao Region)," 4,156 "," 2,131 "," 2,024 "," 2,771 "," 1,346 "," 1,424 ",66.7,63.2,70.4,,,,,,,,,,
Region XII (SOCCSKSARGEN)," 3,437 "," 1,757 "," 1,680 "," 2,262 "," 1,094 "," 1,169 ",65.8,62.3,69.6,,,,,,,,,,
Region XIII (Caraga)," 2,070 "," 1,071 ", 999 ," 1,307 ", 638 , 670 ,63.1,59.5,67.0,,,,,,,,,,
"Bangsamoro Autonomous Region in   
     Muslim Mindanao (BARMM)"," 3,658 "," 1,806 "," 1,851 "," 2,366 "," 1,136 "," 1,230 ",64.7,62.9,66.5,,,,,,,,,,
,,,,,,,,,,,,,,,,,,,
Age Group,,,,,,,,,,,,,,,,,,,
,,,,,,,,,,,,,,,,,,,
10-14," 10,913 "," 5,604 "," 5,309 "," 6,975 "," 3,463 "," 3,512 ",63.9,61.8,66.1,,,,,,,,,,
15-19," 10,312 "," 5,264 "," 5,048 "," 7,889 "," 3,860 "," 4,029 ",76.5,73.3,79.8,,,,,,,,,,
20-24," 9,888 "," 5,105 "," 4,784 "," 7,737 "," 3,820 "," 3,917 ",78.2,74.8,81.9,,,,,,,,,,
25-29," 9,648 "," 4,972 "," 4,676 "," 7,306 "," 3,591 "," 3,715 ",75.7,72.2,79.5,,,,,,,,,,
30-39," 16,988 "," 8,628 "," 8,360 "," 12,368 "," 5,940 "," 6,427 ",72.8,68.8,76.9,,,,,,,,,,
40-49," 13,157 "," 6,622 "," 6,535 "," 9,141 "," 4,384 "," 4,757 ",69.5,66.2,72.8,,,,,,,,,,
50-59," 10,219 "," 5,092 "," 5,127 "," 6,511 "," 3,073 "," 3,438 ",63.7,60.3,67.1,,,,,,,,,,
60-64," 3,877 "," 1,881 "," 1,996 "," 2,242 "," 1,039 "," 1,203 ",57.8,55.2,60.3,,,,,,,,,,
,,,,,,,,,,,,,,,,,,,
"Note: A functional literate person is one who can read, write, compute, and comprehend. ",,,,,,,,,,,,,,,,,,,
"Source: Philippine Statistics Authority, 2024 Functional Literacy, Education and Mass Media Survey",,,,,,,,,,,,,,,,,,,
,,,,,,,,,,,,,,,,,,,
,,,,,,,,,,,,,,,,,,,
,,,,,,,,,,,,,,,,,,,
,,,,,,,,,,,,,,,,,,,
,,,,,,,,,,,,,,,,,,,
,,,,,,,,,,,,,,,,,,,
,,,,,,,,,,,,,,,,,,,
,,,,,,,,,,,,,,,,,,,
