,,,,,,,,,,,,,,,
"Table 1.  Number and Rate of Basic Literate Population 5 Years Old and Over by Sex, Region, and Age Group, Philippines: 2024",,,,,,,,,,,,,,,
,,,,,,,,,,,,,,,
Region and Age Group,"Population 5 Years Old and Over
(in thousand)",,,"Number of Basic Literate Population 
5 Years Old and Over (in thousand)",,,"Basic Literacy Rate 
(in percent)",,,,,,,,
,Both Sexes,Male,Female,Both Sexes,Male,Female,Both Sexes,Male,Female,,,,,,
,,,,,,,,,,,,,,,
Philippines," 103,462 "," 52,083 "," 51,379 "," 93,073 "," 46,359 "," 46,714 ",90.0,89.0,90.9,,,,,,
,,,,,,,,,,,,,,,
National Capital Region (NCR)," 13,268 "," 6,518 "," 6,750 "," 12,211 "," 5,967 "," 6,244 ",92.0,91.5,92.5,,,,,,
Cordillera Administrative Region (CAR)," 1,684 ", 854 , 831 ," 1,562 ", 789 , 772 ,92.7,92.5,92.9,,,,,,
Region I (Ilocos Region)," 4,936 "," 2,485 "," 2,450 "," 4,419 "," 2,213 "," 2,206 ",89.5,89.0,90.0,,,,,,
Region II (Cagayan Valley)," 3,445 "," 1,747 "," 1,698 "," 3,083 "," 1,547 "," 1,537 ",89.5,88.5,90.5,,,,,,
Region III (Central Luzon)," 12,000 "," 6,051 "," 5,950 "," 11,134 "," 5,599 "," 5,535 ",92.8,92.5,93.0,,,,,,
Region IV-A (CALABARZON)," 15,758 "," 7,851 "," 7,906 "," 14,593 "," 7,198 "," 7,395 ",92.6,91.7,93.5,,,,,,
MIMAROPA Region," 2,938 "," 1,502 "," 1,435 "," 2,561 "," 1,286 "," 1,275 ",87.2,85.6,88.8,,,,,,
Region V (Bicol Region)," 5,621 "," 2,860 "," 2,761 "," 4,965 "," 2,485 "," 2,480 ",88.3,86.9,89.8,,,,,,
Region VI (Western Visayas)," 4,463 "," 2,255 "," 2,208 "," 3,997 "," 1,992 "," 2,005 ",89.6,88.3,90.8,,,,,,
Negros Island Region (NIR)," 4,330 "," 2,202 "," 2,128 "," 3,767 "," 1,883 "," 1,884 ",87.0,85.5,88.5,,,,,,
Region VII (Central Visayas)," 6,148 "," 3,104 "," 3,044 "," 5,664 "," 2,842 "," 2,822 ",92.1,91.6,92.7,,,,,,
Region VIII (Eastern Visayas)," 4,441 "," 2,278 "," 2,163 "," 3,780 "," 1,892 "," 1,888 ",85.1,83.1,87.3,,,,,,
Region IX (Zamboanga Peninsula)," 3,482 "," 1,766 "," 1,715 "," 3,009 "," 1,497 "," 1,512 ",86.4,84.7,88.2,,,,,,
Region X (Northern Mindanao)," 4,728 "," 2,402 "," 2,326 "," 4,291 "," 2,159 "," 2,132 ",90.8,89.9,91.7,,,,,,
Region XI (Davao Region)," 5,071 "," 2,583 "," 2,488 "," 4,575 "," 2,308 "," 2,267 ",90.2,89.3,91.1,,,,,,
Region XII (SOCCSKSARGEN)," 4,156 "," 2,114 "," 2,041 "," 3,622 "," 1,812 "," 1,810 ",87.2,85.7,88.6,,,,,,
Region XIII (Caraga)," 2,549 "," 1,305 "," 1,243 "," 2,240 "," 1,126 "," 1,115 ",87.9,86.2,89.6,,,,,,
"Bangsamoro Autonomous Region in   
     Muslim Mindanao (BARMM)"," 4,446 "," 2,205 "," 2,241 "," 3,599 "," 1,764 "," 1,835 ",81.0,80.0,81.9,,,,,,
,,,,,,,,,,,,,,,
Age Group,,,,,,,,,,,,,,,
,,,,,,,,,,,,,,,
 5 - 9," 11,142 "," 5,725 "," 5,417 "," 8,689 "," 4,389 "," 4,300 ",78.0,76.7,79.4,,,,,,
10-14," 10,913 "," 5,604 "," 5,309 "," 9,814 "," 4,985 "," 4,828 ",89.9,89.0,90.9,,,,,,
15-19," 10,312 "," 5,264 "," 5,048 "," 9,887 "," 5,000 "," 4,887 ",95.9,95.0,96.8,,,,,,
20-24," 9,888 "," 5,105 "," 4,784 "," 9,504 "," 4,861 "," 4,643 ",96.1,95.2,97.0,,,,,,
25-29," 9,648 "," 4,972 "," 4,676 "," 9,218 "," 4,703 "," 4,515 ",95.5,94.6,96.6,,,,,,
30-39," 16,988 "," 8,628 "," 8,360 "," 16,074 "," 8,043 "," 8,030 ",94.6,93.2,96.1,,,,,,
40-49," 13,157 "," 6,622 "," 6,535 "," 12,217 "," 6,079 "," 6,138 ",92.9,91.8,93.9,,,,,,
50-59," 10,219 "," 5,092 "," 5,127 "," 9,139 "," 4,467 "," 4,673 ",89.4,87.7,91.1,,,,,,
60 and over," 11,195 "," 5,071 "," 6,124 "," 8,531 "," 3,832 "," 4,700 ",76.2,75.6,76.7,,,,,,
,,,,,,,,,,,,,,,
"Note: A basic literate person is one who can read and write with understanding, and can compute.",,,,,,,,,,,,,,,
"Source: Philippine Statistics Authority, 2024 Functional Literacy, Education and Mass Media Survey",,,,,,,,,,,,,,,
