,,,,,,,,,,,,,,,,,,,,,,
,"Table 4. Levels of Literacy for Population 10 to 64 Years Old by Region, Sex, and Age Group, Philippines: 2024",,,,,,,,,,,,,,,,,,,,,
,,,,,,,,,,,,,,,,,,,,,,
,Region and Age Group,Level of Literacy,,,,,,,,,,,,,,,,,,,,
,,"Basic Literate 
(Can read, write, and compute)",,,,,,"Functionally Literate 
(Can read, write, compute, and comprehend)",,,,,,,,,,,,,,
,,Both Sexes,,Male,,Female,,Both Sexes,,Male,,Female,,,,,,,,,,
,," Number 
('000) ",Rate (%)," Number 
('000) ",Rate (%)," Number 
('000) ",Rate (%)," Number 
('000) ",Rate (%)," Number 
('000) ",Rate (%)," Number 
('000) ",Rate (%),,,,,,,,,
,,,,,,,,,,,,,,,,,,,,,,
,Philippines," 79,135 ",93.1," 39,688 ",91.9," 39,446 ",94.3," 60,170 ",70.8," 29,170 ",67.6," 30,999 ",74.1,,,,,,,,,
,,,,,,,,,,,,,,,,,,,,,,
,National Capital Region (NCR)," 10,417 ",94.5," 5,120 ",93.8," 5,297 ",95.1," 8,810 ",79.9," 4,267 ",78.1," 4,544 ",81.6,,,,,,,,,
,Cordillera Administrative Region (CAR)," 1,339 ",95.8, 680 ,95.2, 659 ,96.6," 1,134 ",81.2, 558 ,78.1, 576 ,84.4,,,,,,,,,
,Region I (Ilocos Region)," 3,724 ",93.2," 1,878 ",92.1," 1,845 ",94.4," 2,567 ",64.3," 1,223 ",60.0," 1,344 ",68.8,,,,,,,,,
,Region II (Cagayan Valley)," 2,601 ",92.5," 1,314 ",91.2," 1,287 ",93.9," 1,950 ",69.4, 939 ,65.3," 1,010 ",73.7,,,,,,,,,
,Region III (Central Luzon)," 9,497 ",95.5," 4,810 ",95.0," 4,686 ",96.1," 7,257 ",73.0," 3,566 ",70.4," 3,691 ",75.7,,,,,,,,,
,Region IV-A (CALABARZON)," 12,514 ",95.5," 6,220 ",94.5," 6,294 ",96.5," 10,129 ",77.3," 4,908 ",74.6," 5,221 ",80.0,,,,,,,,,
,MIMAROPA Region," 2,139 ",90.5," 1,081 ",89.0," 1,058 ",92.1," 1,670 ",70.7, 811 ,66.8, 859 ,74.8,,,,,,,,,
,Region V (Bicol Region)," 4,174 ",92.1," 2,109 ",90.4," 2,065 ",94.0," 3,035 ",67.0," 1,453 ",62.3," 1,582 ",72.0,,,,,,,,,
,Region VI (Western Visayas)," 3,362 ",92.8," 1,696 ",91.3," 1,666 ",94.4," 2,557 ",70.6," 1,237 ",66.6," 1,320 ",74.8,,,,,,,,,
,Negros Island Region (NIR)," 3,190 ",90.6," 1,606 ",88.6," 1,584 ",92.8," 2,312 ",65.7," 1,116 ",61.6," 1,196 ",70.1,,,,,,,,,
,Region VII (Central Visayas)," 4,815 ",95.6," 2,436 ",94.9," 2,379 ",96.4," 3,403 ",67.6," 1,671 ",65.1," 1,733 ",70.2,,,,,,,,,
,Region VIII (Eastern Visayas)," 3,203 ",89.6," 1,616 ",87.2," 1,587 ",92.2," 2,210 ",61.8," 1,057 ",57.0," 1,153 ",67.0,,,,,,,,,
,Region IX (Zamboanga Peninsula)," 2,560 ",89.4," 1,281 ",87.6," 1,279 ",91.2," 1,700 ",59.3, 811 ,55.5, 888 ,63.4,,,,,,,,,
,Region X (Northern Mindanao)," 3,660 ",93.9," 1,856 ",92.7," 1,804 ",95.1," 2,729 ",70.0," 1,338 ",66.9," 1,390 ",73.3,,,,,,,,,
,Region XI (Davao Region)," 3,867 ",93.0," 1,961 ",92.0," 1,906 ",94.2," 2,771 ",66.7," 1,346 ",63.2," 1,424 ",70.4,,,,,,,,,
,Region XII (SOCCSKSARGEN)," 3,103 ",90.3," 1,561 ",88.9," 1,542 ",91.8," 2,262 ",65.8," 1,094 ",62.3," 1,169 ",69.6,,,,,,,,,
,Region XIII (Caraga)," 1,892 ",91.4, 961 ,89.7, 931 ,93.2," 1,307 ",63.1, 638 ,59.5, 670 ,67.0,,,,,,,,,
,"Bangsamoro Autonomous Region in   
     Muslim Mindanao (BARMM)"," 3,079 ",84.2," 1,503 ",83.2," 1,576 ",85.2," 2,366 ",64.7," 1,136 ",62.9," 1,230 ",66.5,,,,,,,,,
,,,,,,,,,,,,,,,,,,,,,,
,Age Group,,,,,,,,,,,,,,,,,,,,,
,,,,,,,,,,,,,,,,,,,,,,
,10-14," 9,814 ",89.9," 4,985 ",89.0," 4,828 ",90.9," 6,975 ",63.9," 3,463 ",61.8," 3,512 ",66.1,,,,,,,,,
,15-19," 9,887 ",95.9," 5,000 ",95.0," 4,887 ",96.8," 7,889 ",76.5," 3,860 ",73.3," 4,029 ",79.8,,,,,,,,,
,20-24," 9,504 ",96.1," 4,861 ",95.2," 4,643 ",97.0," 7,737 ",78.2," 3,820 ",74.8," 3,917 ",81.9,,,,,,,,,
,25-29," 9,218 ",95.5," 4,703 ",94.6," 4,515 ",96.6," 7,306 ",75.7," 3,591 ",72.2," 3,715 ",79.5,,,,,,,,,
,30-39," 16,074 ",94.6," 8,043 ",93.2," 8,030 ",96.1," 12,368 ",72.8," 5,940 ",68.8," 6,427 ",76.9,,,,,,,,,
,40-49," 12,217 ",92.9," 6,079 ",91.8," 6,138 ",93.9," 9,141 ",69.5," 4,384 ",66.2," 4,757 ",72.8,,,,,,,,,
,50-59," 9,139 ",89.4," 4,467 ",87.7," 4,673 ",91.1," 6,511 ",63.7," 3,073 ",60.3," 3,438 ",67.1,,,,,,,,,
,60-64," 3,281 ",84.6," 1,549 ",82.4," 1,732 ",86.8," 2,242 ",57.8," 1,039 ",55.2," 1,203 ",60.3,,,,,,,,,
,,,,,,,,,,,,,,,,,,,,,,
,,,,,,,,,,,,,,,,,,,,,,
,,,,,,,,,,,,,,,,,,,,,,
,"Notes: 1. A basic literate person is one who can read and write with understanding, and can compute.",,,,,,,,,,,,,,,,,,,,,
,"           2. A functional literate person is one who can read, write, compute, and comprehend. ",,,,,,,,,,,,,,,,,,,,,
,"Source: Philippine Statistics Authority, 2024 Functional Literacy, Education and Mass Media Survey",,,,,,,,,,,,,,,,,,,,,
,,,,,,,,,,,,,,,,,,,,,,
,,,,,,,,,,,,,,,,,,,,,,
,,,,,,,,,,,,,,,,,,,,,,
,,,,,,,,,,,,,,,,,,,,,,
,,,,,,,,,,,,,,,,,,,,,,
,,,,,,,,,,,,,,,,,,,,,,
,,,,,,,,,,,,,,,,,,,,,,
,,,,,,,,,,,,,,,,,,,,,,
,,,,,,,,,,,,,,,,,,,,,,
,,,,,,,,,,,,,,,,,,,,,,
,,,,,,,,,,,,,,,,,,,,,,
,,,,,,,,,,,,,,,,,,,,,,
,,,,,,,,,,,,,,,,,,,,,,
,,,,,,,,,,,,,,,,,,,,,,
